id,name,read,pattern,sequence,feature_type
HTO1,LNH-94a,R2,5P(BC),GTCAACTCTTTAGCG,Custom
HTO2,LNH-94b,R2,5P(BC),TGATGGCCTATTGGG,Custom
HTO3,LNH-94c,R2,5P(BC),TTCCGCCTCTCTTTG,Custom
HTO4,LNH-94d,R2,5P(BC),AGTAAGTTCAGCGTA,Custom
HTO5,LNH-94e,R2,5P(BC),AAGTATCGTTTCGCA,Custom
HTO6,LNH-94f,R2,5P(BC),GGTTGCCAGATGTCA,Custom
HTO7,LNH-94g,R2,5P(BC),TGTCTTTCCTGCCAG,Custom
HTO8,LNH-94h,R2,5P(BC),CTCCTCTGCAATTAC,Custom
HTO9,LNH-94i,R2,5P(BC),CAGTAGTCACGGTCA,Custom
HTO10,LNH-94j,R2,5P(BC),ATTGACCCGCGTTAG,Custom
CD3,CD3,R2,5P(BC),CTCATTGTAACTCCT,Antibody Capture
CD56,CD56,R2,5P(BC),TCCTTTCCTGATAGG,Antibody Capture
CD19,CD19,R2,5P(BC),CTGGGCAATTACTCG,Antibody Capture
CD11c,CD11c,R2,5P(BC),TACGCCTATAACTTG,Antibody Capture
CD38,CD38,R2,5P(BC),TGTACCCGCTTGTGA,Antibody Capture
CD45RA,CD45RA,R2,5P(BC),TCAATCCTTCCGCTT,Antibody Capture
CD123,CD123,R2,5P(BC),CTTCACTCTGTCAGG,Antibody Capture
CD127,CD127,R2,5P(BC),GTGTGTTGTCCTATG,Antibody Capture
CD4,CD4,R2,5P(BC),TGTTCCCGCTCAACT,Antibody Capture
CD8a,CD8a,R2,5P(BC),GCTGCGCTTTCCATT,Antibody Capture
CD14,CD14,R2,5P(BC),TCTCAGACCTCCGTA,Antibody Capture
CD16,CD16,R2,5P(BC),AAGTTCACTCTTTGC,Antibody Capture
CD25,CD25,R2,5P(BC),TTTGTCCTGTACGCC,Antibody Capture
CD45RO,CD45RO,R2,5P(BC),CTCCGAATCATGTTG,Antibody Capture
CD69,CD69,R2,5P(BC),GTCTCTTGGCTTAAA,Antibody Capture
CD197,CD197,R2,5P(BC),AGTTCAGTCAACCGA,Antibody Capture
CD161,CD161,R2,5P(BC),GTACGCAGTCCTTCT,Antibody Capture
CD28,CD28,R2,5P(BC),TGAGAACGACCCTAA,Antibody Capture
CD27,CD27,R2,5P(BC),GCACTCCTGCATGTA,Antibody Capture
HLA-DR,HLA-DR,R2,5P(BC),AATAGCGAGCAAGTA,Antibody Capture
CD57,CD57,R2,5P(BC),AACTCCCTATGGAGG,Antibody Capture
ICOS,ICOS,R2,5P(BC),CGCGCACCCATTAAA,Antibody Capture
CD79b,CD79b,R2,5P(BC),ATTCTTCAACCGAAG,Antibody Capture
CD11a,CD11a,R2,5P(BC),TATATCCTTGTGAGC,Antibody Capture
CD34,CD34,R2,5P(BC),GCAGAAATCTCCCTT,Antibody Capture
